run,stage,users,requests,requests_per_second,p50_ms,p95_ms,max_ms,api_cpu_percent_one_core,graphdb_cpu_percent_one_core,api_peak_summed_rss_mib,errors
reference_replay,0,1,41,1.3271029890017396,191.87872484326363,210.6457562185824,460.62541333958507,20.61864887790508,3.3986783864714027,435.5078125,0
reference_replay,1,2,80,2.593823512577792,187.19499418511987,293.19438245147467,449.8136299662292,36.021724030924084,5.252492612966726,460.44140625,0
reference_replay,2,4,152,4.761605653973734,188.23673692531884,279.05392786487937,465.1080183684826,62.715358679311954,8.520768012371999,483.1484375,0
reference_replay,3,8,284,8.89588115779484,193.7667429447174,454.4231458567083,737.4031441286206,114.17424936676828,18.480879870065607,489.55859375,0
reference_replay,4,16,517,16.106019777161755,224.41153367981315,684.6220581792295,1269.9757353402674,209.87670258943663,33.33354189857688,500.1015625,0
reference_replay,5,1,41,1.330003963642443,187.65984708443284,296.0396986454725,459.90214589983225,20.72859836018344,5.579528823083246,501.5546875,0
vm_full_batches,0,1,41,1.2847452357410647,192.8890128619969,318.20121919736266,479.0376559831202,20.55592377185705,4.762957947138974,511.53125,0
vm_full_batches,1,8,287,8.971769481802408,191.47887406870723,453.9667428471148,711.9285920634866,117.07065055522654,19.506565005729986,513.7265625,0
vm_full_batches,2,16,517,16.130259199009238,231.64480924606323,649.3538850918412,1227.88921976462,213.2189388124355,32.666114857565994,524.0234375,0
vm_full_batches,3,1,41,1.3283443522166516,190.38346502929926,301.43538815900683,440.5704131349921,20.961921850833434,5.8641543353997045,523.16015625,0
