subject,case,mode,before_median_ms,after_median_ms,reduction_percent,before_cpu_median_ms,after_cpu_median_ms
unknown,resource_media,inprocess,90.8311249986582,66.49016650044359,26.798037014926525,81.87250000000002,57.84849999999986
unknown,summaries_25,inprocess,102.0811255039007,80.50979150357307,21.13155972158962,88.80449999999973,67.70200000000014
unknown,summaries_100,inprocess,132.55568750173552,113.10454200429376,14.673942600303047,108.72750000000008,88.45800000000014
unknown,datamodel_fasnacht,inprocess,216.2310415005777,212.22735449919128,1.8515782810839987,101.3655,93.98900000000009
rosenth,resource_media,inprocess,107.30320799848414,84.26462500574416,21.470544471573895,98.00399999999954,75.51800000000064
rosenth,summaries_25,inprocess,126.52383349995944,107.33404149868875,15.166938489321735,107.25599999999957,87.61699999999983
rosenth,summaries_100,inprocess,178.48537499958184,157.71499950278667,11.637018157282542,129.41049999999876,107.4199999999994
rosenth,datamodel_fasnacht,inprocess,241.82981250123703,232.68135450052796,3.7830149666357893,123.13699999999983,112.47850000000082
unknown,resource_media,instrumented,95.43814550124807,69.39100000090548,27.29217480446743,86.65599999999962,60.760499999998885
unknown,summaries_25,instrumented,109.6195624959364,82.89241649981705,24.381730220014454,96.71449999999915,70.10449999999935
unknown,summaries_100,instrumented,142.8853750039707,116.19470849836944,18.67977496287464,117.09250000000182,91.55349999999984
unknown,datamodel_fasnacht,instrumented,225.67622949645738,213.58691649948014,5.356927942278922,106.0490000000005,94.89500000000106
rosenth,resource_media,instrumented,115.17681250188616,87.53079150119447,24.003113474110904,106.03449999999981,78.50000000000001
rosenth,summaries_25,instrumented,134.0538540025591,108.16022899962263,19.315837799368417,114.28649999999863,88.9149999999983
rosenth,summaries_100,instrumented,187.75039599859156,161.08264599461108,14.203831561655145,137.17199999999963,111.00599999999972
rosenth,datamodel_fasnacht,instrumented,246.45197900099447,232.3611460014945,5.717476100868768,125.22600000000139,112.87900000000128
