run,subject,case,mode,n,median_ms,p95_ms,min_ms,max_ms,bytes_median,query_count_median,graphdb_http_median_ms,cache_hits_mean,cache_misses_mean
baseline,unknown,resource_person,live_http,12,616.9820834998063,975.0678750001498,462.033166999845,975.0678750001498,577.0,,,,
baseline,unknown,resource_media,live_http,12,515.0077499997678,720.2677079999376,462.00020900005256,720.2677079999376,2017.0,,,,
baseline,unknown,resource_linked_archive,live_http,12,510.13641649979036,861.1491669998941,492.71695800007365,861.1491669998941,13085.0,,,,
baseline,unknown,search_page1,live_http,12,37.3239374998775,46.996666000268306,17.448249999688414,46.996666000268306,2427.0,,,,
baseline,unknown,search_sorted,live_http,12,38.254624999808584,41.52250000015556,25.79429200022787,41.52250000015556,3202.0,,,,
baseline,unknown,search_offset250,live_http,12,39.02981250007542,49.07562500011409,30.36549999978888,49.07562500011409,4035.0,,,,
baseline,unknown,search_count,live_http,12,34.700270500025,40.16325000020515,24.07741700017141,40.16325000020515,14.0,,,,
baseline,unknown,search_fulltext,live_http,12,37.57468749995496,44.36529199983852,25.604124999972555,44.36529199983852,83503.0,,,,
baseline,unknown,search_with_properties,live_http,12,38.192541500166044,43.48049999998693,24.117166999985784,43.48049999998693,23078.0,,,,
baseline,unknown,summaries_25,live_http,12,757.6882294997631,829.5660000003409,486.7104999998446,829.5660000003409,25917.0,,,,
baseline,unknown,summaries_100,live_http,12,548.2022495000365,808.0921670002681,526.3423749997855,808.0921670002681,94074.0,,,,
baseline,unknown,summaries_25_delivery,live_http,12,540.1222289999623,714.7577079999792,530.0499999998465,714.7577079999792,22364.0,,,,
baseline,unknown,archive_children,live_http,12,19.38997949991972,27.19054099998175,17.515209000066534,27.19054099998175,728.0,,,,
baseline,unknown,hierarchical_list,live_http,12,32.09193749989936,33.80712499983929,20.545834000131435,33.80712499983929,6698.0,,,,
baseline,rosenth,resource_person,live_http,12,848.7753330000487,939.509457999975,682.0597500000076,939.509457999975,577.0,,,,
baseline,rosenth,resource_media,live_http,12,566.921124999908,712.4447080000209,520.9090419998574,712.4447080000209,2017.0,,,,
baseline,rosenth,resource_linked_archive,live_http,12,538.4705625001516,786.9674579997081,493.58045899998615,786.9674579997081,13085.0,,,,
baseline,rosenth,search_page1,live_http,12,39.49318750005659,42.66587499978414,37.86079199971937,42.66587499978414,2427.0,,,,
baseline,rosenth,search_sorted,live_http,12,43.27522899984615,58.04479100015669,39.82304200008002,58.04479100015669,3270.0,,,,
baseline,rosenth,search_offset250,live_http,12,45.9734789999402,48.11962500025402,41.53862500015748,48.11962500025402,3705.0,,,,
baseline,rosenth,search_count,live_http,12,37.47716649991162,72.84266699980435,35.34270900036063,72.84266699980435,14.0,,,,
baseline,rosenth,search_fulltext,live_http,12,34.35481300016363,36.2584159997823,29.663959000117757,36.2584159997823,83503.0,,,,
baseline,rosenth,search_with_properties,live_http,12,43.669103999945946,45.53179200001978,41.97000000021944,45.53179200001978,23078.0,,,,
baseline,rosenth,summaries_25,live_http,12,716.9965415000661,810.5461250002008,516.4072500001566,810.5461250002008,25917.0,,,,
baseline,rosenth,summaries_100,live_http,12,611.5452915000787,852.121249999982,583.529415999692,852.121249999982,94074.0,,,,
baseline,rosenth,summaries_25_delivery,live_http,12,546.0045419999915,733.014916999764,530.3401669998493,733.014916999764,22213.0,,,,
baseline,rosenth,archive_children,live_http,12,37.32243800004653,50.71650000036243,35.860500000126194,50.71650000036243,728.0,,,,
baseline,rosenth,hierarchical_list,live_http,12,41.857083499962755,267.8082920001543,37.981500000114465,267.8082920001543,6698.0,,,,
baseline,unknown,resource_person,inprocess,12,626.046416500003,848.8044999999147,474.14066700002877,848.8044999999147,577.0,,,,
baseline,unknown,resource_media,inprocess,12,669.995457999903,784.2070840001725,464.91408400015644,784.2070840001725,2017.0,,,,
baseline,unknown,resource_linked_archive,inprocess,12,522.4519999999302,826.7790410000089,502.90108300032443,826.7790410000089,13085.0,,,,
baseline,unknown,search_page1,inprocess,12,18.48464599993349,53.21420800009946,15.39908299992021,53.21420800009946,2427.0,,,,
baseline,unknown,search_sorted,inprocess,12,21.298479000051884,22.649708000244573,19.925209000120958,22.649708000244573,3202.0,,,,
baseline,unknown,search_offset250,inprocess,12,22.766374500179154,23.874999999861757,20.609000000149535,23.874999999861757,4035.0,,,,
baseline,unknown,search_count,inprocess,12,17.370562499991138,18.921541000054276,13.19308300026023,18.921541000054276,14.0,,,,
baseline,unknown,search_fulltext,inprocess,12,18.391166499895917,19.349666999914916,14.842167000097106,19.349666999914916,83503.0,,,,
baseline,unknown,search_with_properties,inprocess,12,24.108958499709843,28.348416999961046,23.044917000333953,28.348416999961046,23078.0,,,,
baseline,unknown,summaries_25,inprocess,12,606.9987915000183,836.7395410000427,489.9255830000584,836.7395410000427,25917.0,,,,
baseline,unknown,summaries_100,inprocess,12,722.8479165000863,882.5414580001052,564.0954169998622,882.5414580001052,94074.0,,,,
baseline,unknown,summaries_25_delivery,inprocess,12,538.9648955001576,673.5813750001398,516.3006669999959,673.5813750001398,22364.0,,,,
baseline,unknown,archive_children,inprocess,12,17.833666500109757,19.743750000088767,16.906708000078652,19.743750000088767,728.0,,,,
baseline,unknown,hierarchical_list,inprocess,12,21.958229500341986,24.79749999974956,19.35245799995755,24.79749999974956,6698.0,,,,
baseline,rosenth,resource_person,inprocess,12,604.8248335002882,825.0070409999353,476.7205829998602,825.0070409999353,577.0,,,,
baseline,rosenth,resource_media,inprocess,12,635.5580834999728,901.4106660001744,483.8339170000836,901.4106660001744,2017.0,,,,
baseline,rosenth,resource_linked_archive,inprocess,12,595.3597709999485,786.4398329998039,517.5477500001762,786.4398329998039,13085.0,,,,
baseline,rosenth,search_page1,inprocess,12,40.14212550009688,42.72508399981234,31.901625000045897,42.72508399981234,2427.0,,,,
baseline,rosenth,search_sorted,inprocess,12,47.16345850010839,49.97929099999965,40.81345899976441,49.97929099999965,3270.0,,,,
baseline,rosenth,search_offset250,inprocess,12,48.564666999709516,49.760999999762134,42.795958000169776,49.760999999762134,3705.0,,,,
baseline,rosenth,search_count,inprocess,12,39.18824999982462,40.5609170002208,34.31041599969831,40.5609170002208,14.0,,,,
baseline,rosenth,search_fulltext,inprocess,12,35.37962449991028,39.95137500032797,28.737833999912255,39.95137500032797,83503.0,,,,
baseline,rosenth,search_with_properties,inprocess,12,45.22995850015832,47.03537499972299,40.75874999989537,47.03537499972299,23078.0,,,,
baseline,rosenth,summaries_25,inprocess,12,533.2840209998722,585.5203330002041,520.0745829997686,585.5203330002041,25917.0,,,,
baseline,rosenth,summaries_100,inprocess,12,741.8498749998435,872.9437499996493,593.7490839996826,872.9437499996493,94074.0,,,,
baseline,rosenth,summaries_25_delivery,inprocess,12,665.0559375000284,794.5987079997394,536.6870419998122,794.5987079997394,22213.0,,,,
baseline,rosenth,archive_children,inprocess,12,37.58043750030993,42.54366700024548,35.65408299982664,42.54366700024548,728.0,,,,
baseline,rosenth,hierarchical_list,inprocess,12,39.881729499938956,45.08341700011442,36.007332999815844,45.08341700011442,6698.0,,,,
baseline,unknown,resource_person,instrumented,12,536.8426670002009,764.1794579999441,470.0507090001338,764.1794579999441,577.0,3.0,13.41885400006504,563,0
baseline,unknown,resource_media,instrumented,12,590.2114789998905,765.122582999993,470.1894579998225,765.122582999993,2017.0,3.0,15.404729000238149,563,0
baseline,unknown,resource_linked_archive,instrumented,12,685.9409374999359,891.7160000000877,511.4335830003256,891.7160000000877,13085.0,3.0,37.80629199991381,563,0
baseline,unknown,search_page1,instrumented,12,19.413978999864412,60.872666999785,14.108999999734806,60.872666999785,2427.0,1.0,5.694520999895758,1,0
baseline,unknown,search_sorted,instrumented,12,20.824520499900245,22.895292000157497,16.694459000063944,22.895292000157497,3202.0,1.0,5.486020500029554,1,0
baseline,unknown,search_offset250,instrumented,12,23.62652099986917,30.915125000319676,19.798625000021275,30.915125000319676,4035.0,1.0,7.856604499693276,1,0
baseline,unknown,search_count,instrumented,12,18.217021000054956,19.39670899992052,14.44000000037704,19.39670899992052,14.0,1.0,4.751375499836286,1,0
baseline,unknown,search_fulltext,instrumented,12,17.461625000123604,20.595917000264308,13.311790999978257,20.595917000264308,83503.0,1.0,5.425729000080537,0,0
baseline,unknown,search_with_properties,instrumented,12,23.48766650015932,25.220750000244152,19.20625000002474,25.220750000244152,23078.0,1.0,5.868457999895327,1,0
baseline,unknown,summaries_25,instrumented,12,533.0083334999927,840.5205000003662,487.74008400005187,840.5205000003662,25917.0,3.0,27.252209000153016,563,0
baseline,unknown,summaries_100,instrumented,12,546.0520204999284,851.2846670000727,532.5769159999254,851.2846670000727,94074.0,3.0,51.48389649980345,563,0
baseline,unknown,summaries_25_delivery,instrumented,12,670.409708500074,817.1617500001958,496.37316700000156,817.1617500001958,22364.0,3.0,33.25006199997915,563,0
baseline,unknown,archive_children,instrumented,12,17.909103999954823,20.553832999667065,15.537624999979016,20.553832999667065,728.0,1.0,2.8727290000460926,1,0
baseline,unknown,hierarchical_list,instrumented,12,22.82191649987908,24.966667000171583,18.391209000128583,24.966667000171583,6698.0,1.0,4.097229500075628,3,0
baseline,rosenth,resource_person,instrumented,12,687.3106869998082,832.649124999989,489.98375000019223,832.649124999989,577.0,3.0,14.955958000200553,563,0
baseline,rosenth,resource_media,instrumented,12,520.8780415000547,846.1812919999829,482.91262500015364,846.1812919999829,2017.0,3.0,15.311979500211237,563,0
baseline,rosenth,resource_linked_archive,instrumented,12,585.5481250000594,1020.7052920000024,522.3514579997754,1020.7052920000024,13085.0,3.0,38.17804100003741,563,0
baseline,rosenth,search_page1,instrumented,12,39.91441700009091,60.94824999991033,38.85562499999651,60.94824999991033,2427.0,1.0,9.511666999969748,1,0
baseline,rosenth,search_sorted,instrumented,12,44.021187499993175,50.37545899995166,36.77445799985435,50.37545899995166,3270.0,1.0,11.361083500105451,1,0
baseline,rosenth,search_offset250,instrumented,12,47.942541499878644,52.087125000070955,37.346416999753274,52.087125000070955,3705.0,1.0,13.148312000112128,1,0
baseline,rosenth,search_count,instrumented,12,40.66456249984185,42.783040999893274,37.634499999967375,42.783040999893274,14.0,1.0,9.175937500003783,1,0
baseline,rosenth,search_fulltext,instrumented,12,35.304375500345486,39.68716700001096,30.870875000346132,39.68716700001096,83503.0,1.0,7.802583499824323,0,0
baseline,rosenth,search_with_properties,instrumented,12,45.10183349998442,47.53154199988785,40.33458300000348,47.53154199988785,23078.0,1.0,10.564750499952424,1,0
baseline,rosenth,summaries_25,instrumented,12,625.719708500128,819.2609580000862,523.6406670001088,819.2609580000862,25917.0,3.0,42.57937449960991,563,0
baseline,rosenth,summaries_100,instrumented,12,653.1872914999894,941.5529170000809,585.5333749996134,941.5529170000809,94074.0,3.0,79.77706250017036,563,0
baseline,rosenth,summaries_25_delivery,instrumented,12,655.6647710001471,1008.3142499997848,551.5551670000605,1008.3142499997848,22213.0,3.0,51.012334000006376,563,0
baseline,rosenth,archive_children,instrumented,12,38.4719999999561,40.362958000059734,36.70174999979281,40.362958000059734,728.0,1.0,5.516667000165398,1,0
baseline,rosenth,hierarchical_list,instrumented,12,40.02508349981326,42.19983300026797,38.35650000019086,42.19983300026797,6698.0,1.0,5.0085000000308355,3,0
supplement,unknown,resource_media,live_http,6,460.3362710001875,476.4231670001209,448.4834159998172,476.4231670001209,2017.0,,,,
supplement,unknown,summaries_25,live_http,6,535.0928749999184,587.1900410002127,470.2771249999387,587.1900410002127,25917.0,,,,
supplement,unknown,datamodel_fasnacht,live_http,6,464.64004199970077,523.4125420001874,463.0296250002175,523.4125420001874,62375.0,,,,
supplement,unknown,datamodel_shared,live_http,6,167.83281200014244,169.11579199995685,163.30658300012146,169.11579199995685,15486.0,,,,
supplement,unknown,search_lucene_fields,live_http,6,25.856604000182415,27.590832999976556,23.594082999807142,27.590832999976556,14191.0,,,,
supplement,rosenth,resource_media,live_http,6,527.6327710000714,529.5203750001747,520.0356659997851,529.5203750001747,2017.0,,,,
supplement,rosenth,summaries_25,live_http,6,808.6088544998802,856.5970419999758,790.3715840002405,856.5970419999758,25917.0,,,,
supplement,rosenth,datamodel_fasnacht,live_http,6,648.3910625001954,695.4717919998075,644.4879590003438,695.4717919998075,62119.0,,,,
supplement,rosenth,datamodel_shared,live_http,6,239.19902049988195,268.55674999978874,189.77983300010237,268.55674999978874,15390.0,,,,
supplement,rosenth,search_lucene_fields,live_http,6,43.47337500030335,97.61475000004793,42.393707999963226,97.61475000004793,14191.0,,,,
supplement,unknown,resource_media,inprocess,6,528.8312704999498,588.533207999717,504.3975829998999,588.533207999717,2017.0,,,,
supplement,unknown,summaries_25,inprocess,6,508.33458350007277,524.487666999903,489.9499170001036,524.487666999903,25917.0,,,,
supplement,unknown,datamodel_fasnacht,inprocess,6,475.7250414997998,513.5829589999048,468.91337500028385,513.5829589999048,62375.0,,,,
supplement,unknown,datamodel_shared,inprocess,6,168.2981664998806,174.69137499983844,160.53520800005572,174.69137499983844,15486.0,,,,
supplement,unknown,search_lucene_fields,inprocess,6,25.514708499940753,31.423584000094706,22.135749999961263,31.423584000094706,14191.0,,,,
supplement,rosenth,resource_media,inprocess,6,487.10529200002384,567.8628339996976,481.68395899983807,567.8628339996976,2017.0,,,,
supplement,rosenth,summaries_25,inprocess,6,927.6721664998604,975.3131249999569,523.473291999835,975.3131249999569,25917.0,,,,
supplement,rosenth,datamodel_fasnacht,inprocess,6,716.4751045002049,759.8882079996656,705.1883330000237,759.8882079996656,62119.0,,,,
supplement,rosenth,datamodel_shared,inprocess,6,258.07683300013196,269.2802090000441,218.13091700005316,269.2802090000441,15390.0,,,,
supplement,rosenth,search_lucene_fields,inprocess,6,46.98381250000239,48.700750000080006,41.4868750003734,48.700750000080006,14191.0,,,,
supplement,unknown,resource_media,instrumented,6,529.7927500000696,853.7526249997427,482.6123339998958,853.7526249997427,2017.0,3.0,15.627562999725342,563,0
supplement,unknown,summaries_25,instrumented,6,546.5578749999622,566.9949590001124,498.5207919999084,566.9949590001124,25917.0,3.0,25.87181350031642,563,0
supplement,unknown,datamodel_fasnacht,instrumented,6,488.64318699997966,523.5848329998589,469.0547080003853,523.5848329998589,62375.0,4.0,141.74614599983215,323,0
supplement,unknown,datamodel_shared,instrumented,6,176.09879149995322,187.10808300011195,173.81999999997788,187.10808300011195,15486.0,4.0,57.68587550005577,83,0
supplement,unknown,search_lucene_fields,instrumented,6,26.466416999937792,27.34408300011637,23.726499999611406,27.34408300011637,14191.0,1.0,6.059437499743581,1,0
supplement,rosenth,resource_media,instrumented,6,517.7593329999581,526.3859169999705,508.4434999998848,526.3859169999705,2017.0,3.0,14.282667000088622,563,0
supplement,rosenth,summaries_25,instrumented,6,711.5531040001315,935.390415999791,544.1561669999828,935.390415999791,25917.0,3.0,40.66435400000046,563,0
supplement,rosenth,datamodel_fasnacht,instrumented,6,735.5421044997001,759.2099170001347,720.2157500000794,759.2099170001347,62119.0,4.0,146.35879149977882,323,0
supplement,rosenth,datamodel_shared,instrumented,6,265.3594794999208,294.99658399981854,212.47304199960126,294.99658399981854,15390.0,4.0,74.79414599970369,83,0
supplement,rosenth,search_lucene_fields,instrumented,6,44.19122900003458,47.866082999917126,39.10495800028002,47.866082999917126,14191.0,1.0,6.228187000033358,1,0
