workers,stage,users,requests,requests_per_second,p50_ms,p95_ms,workflow_p95_ms,api_cpu_percent_one_core,graphdb_cpu_percent_one_core,api_peak_sum_rss_mib,errors
1,0,1,42,1.3477060550695708,113.99766649901721,138.97316599832266,210.14008299971465,10.204060131241036,13.990472381198446,154.0625,0
1,1,8,289,9.090369430647376,131.45062500007043,406.9600829989213,463.297958000112,60.51858402963859,47.464939345491075,165.25,0
1,2,16,460,14.458198706843019,378.15199949909584,782.8294169994479,1094.656749999558,93.66398292693955,63.36462737607731,176.359375,0
1,3,1,42,1.3474738108549695,113.4721874996103,180.0612920014828,195.5932919991028,10.52312880858167,14.533467531364227,176.359375,0
2,0,1,42,1.3434767355015176,112.82764599945949,154.14262500053155,179.1116249987681,10.395950929476031,13.754642768229678,256.515625,0
2,1,8,311,9.715805731339866,105.47541699997964,282.0225830000709,347.68658299981325,65.66760015201415,50.29725796610035,276.21875,0
2,2,16,583,18.256774487619744,116.40866599918809,442.7069579996896,528.3168339992699,123.22539898590685,79.41540326004065,291.578125,0
2,3,1,42,1.3444017126093615,114.71397950026585,136.00487500116287,232.53187500085915,10.723204136288958,13.572055384437393,293.09375,0
4,0,1,42,1.3393434030006943,111.73668749961507,157.01587500007008,282.6220419992751,10.300188551648198,15.051668719436462,509.515625,0
4,1,8,316,9.877365809373252,98.94193699983589,270.8615829997143,322.17375000072934,66.60970423979242,54.38802692502986,486.5,0
4,2,16,619,19.34644568053849,98.87654200065299,305.8568340002239,364.257125000222,128.86170523563845,86.07449338320345,490.453125,0
4,3,1,42,1.338712005499163,113.83458299951599,156.43570800057205,218.8435419993766,10.550325567148167,15.044573014181157,492.203125,0
