case,before_median_ms,after_median_ms,reduction_percent,before_p95_ms,after_p95_ms
resource_person,182.34741571359336,130.73087204247713,28.306704248657145,300.99191097542644,225.04933271557093
resource_media,185.16723508946598,129.50458494015038,30.060744884169953,277.60778088122606,233.1265602260828
resource_linked_archive,193.631696049124,137.86183996126056,28.802028400202996,289.93619326502085,237.7616260200739
search_page1,25.67675383761525,26.473963633179665,-3.1047919865810236,31.15269308909774,30.134206637740135
search_sorted,29.224182479083538,30.253078090026975,-3.5206993786048413,31.252488028258085,34.62161170318723
search_offset250,32.437476329505444,32.62883145362139,-0.5899198882555634,33.27111387625337,35.47742310911417
search_count,21.823344752192497,22.66365336254239,-3.850503302274366,23.784611839801073,24.643166922032833
search_fulltext,20.517459139227867,21.161675918847322,-3.139846777556188,22.584693040698767,22.647155914455652
search_with_properties,33.03705691359937,32.62870805338025,1.2360328018535705,35.928300116211176,33.53959135711193
summaries_25,213.59415724873543,155.4719558916986,27.211512761255996,301.44571512937546,275.91667184606194
summaries_100,275.3826512489468,222.74719644337893,19.113569633689544,417.68184630200267,338.71169900521636
summaries_25_delivery,223.8445901311934,169.2068218253553,24.40879552810071,365.0260968133807,286.4944841712713
archive_children,25.15231352299452,25.182222481817007,-0.11891136294537308,167.03518573194742,27.65701524913311
hierarchical_list,26.30532206967473,25.00343299470842,4.949147064301307,27.922865003347397,26.70439798384905
datamodel_fasnacht,448.7655726261437,432.5744523666799,3.607923879881092,571.8027716502547,532.6576000079513
datamodel_shared,199.40244243480265,200.362196424976,-0.48131506237047983,329.4899291358888,282.58487302809954
search_lucene_fields,38.653355557471514,39.314710069447756,-1.710988612600306,40.08093290030956,40.555324871093035
