run,subject,case,mode,n_before,n_after,before_median_ms,after_median_ms,reduction_percent,speedup,before_p95_ms,after_p95_ms
baseline,unknown,resource_person,live_http,12,12,616.9820834998063,99.96704200011663,83.79741573157887,6.171854954946916,975.0678750001498,147.02333399964118
baseline,unknown,resource_media,live_http,12,12,515.0077499997678,97.42512499997247,81.08278467653808,5.286190292287676,720.2677079999376,127.97866699929727
baseline,unknown,resource_linked_archive,live_http,12,12,510.13641649979036,121.58316650038614,76.16653848501794,4.195781629837468,861.1491669998941,155.36770800008526
baseline,unknown,search_page1,live_http,12,12,37.3239374998775,24.057250499936345,35.5447144342279,1.551463144135123,46.996666000268306,31.73475000039616
baseline,unknown,search_sorted,live_http,12,12,38.254624999808584,30.31441650000488,20.756205295028863,1.2619284623143718,41.52250000015556,87.78087500013498
baseline,unknown,search_offset250,live_http,12,12,39.02981250007542,35.51387499965131,9.008338178456077,1.099001798605718,49.07562500011409,37.561041999651934
baseline,unknown,search_count,live_http,12,12,34.700270500025,31.08816650001245,10.409440468223286,1.1161890328916986,40.16325000020515,35.41333300017868
baseline,unknown,search_fulltext,live_http,12,12,37.57468749995496,31.527416999779234,16.09400078226326,1.1918098935988974,44.36529199983852,37.8482919995804
baseline,unknown,search_with_properties,live_http,12,12,38.192541500166044,32.6302499997837,14.563816080053648,1.1704642624686974,43.48049999998693,36.24754199972813
baseline,unknown,summaries_25,live_http,12,12,757.6882294997631,112.42277100018327,85.16239706212588,6.73963310776718,829.5660000003409,142.67862499946204
baseline,unknown,summaries_100,live_http,12,12,548.2022495000365,147.79560449960627,73.0399492825145,3.709191835278815,808.0921670002681,183.95095899995795
baseline,unknown,summaries_25_delivery,live_http,12,12,540.1222289999623,114.17839599971558,78.86063748734853,4.730511619740286,714.7577079999792,156.1992500000997
baseline,unknown,archive_children,live_http,12,12,19.38997949991972,22.441541500029416,-15.737829945216465,0.8640217295186385,27.19054099998175,31.05566700014606
baseline,unknown,hierarchical_list,live_http,12,12,32.09193749989936,29.681395999887172,7.511361693321716,1.0812138856279316,33.80712499983929,33.65424999992683
baseline,rosenth,resource_person,live_http,12,12,848.7753330000487,106.88733350025359,87.40687560718173,7.94084111938329,939.509457999975,134.7994590005328
baseline,rosenth,resource_media,live_http,12,12,566.921124999908,107.72037499964426,80.99905432176976,5.2628959470460455,712.4447080000209,140.05779099989013
baseline,rosenth,resource_linked_archive,live_http,12,12,538.4705625001516,131.77633299937952,75.52766257313418,4.086246370982922,786.9674579997081,161.3425420000567
baseline,rosenth,search_page1,live_http,12,12,39.49318750005659,37.66320800014,4.633658652935946,1.0485879880415334,42.66587499978414,39.466707999963546
baseline,rosenth,search_sorted,live_http,12,12,43.27522899984615,41.29981249980119,4.564774226964763,1.0478311251426256,58.04479100015669,43.66279200075951
baseline,rosenth,search_offset250,live_http,12,12,45.9734789999402,43.095000500215974,6.261171793694286,1.0667937920016917,48.11962500025402,45.40958399957162
baseline,rosenth,search_count,live_http,12,12,37.47716649991162,36.92943750002087,1.4615005643290657,1.0148317720758797,72.84266699980435,38.395833000322455
baseline,rosenth,search_fulltext,live_http,12,12,34.35481300016363,31.930541500059917,7.056570210678103,1.0759232817927364,36.2584159997823,35.52541600038239
baseline,rosenth,search_with_properties,live_http,12,12,43.669103999945946,43.314187500072876,0.8127405130032184,1.00819400109658,45.53179200001978,47.283999999308435
baseline,rosenth,summaries_25,live_http,12,12,716.9965415000661,136.6894164993937,80.93583321707263,5.245442989386427,810.5461250002008,169.2097080003805
baseline,rosenth,summaries_100,live_http,12,12,611.5452915000787,212.58256250030172,65.23845977476971,2.8767424962205483,852.121249999982,266.9825419998233
baseline,rosenth,summaries_25_delivery,live_http,12,12,546.0045419999915,155.4077084997516,71.53728649756287,3.5133684633208797,733.014916999764,217.18300000065938
baseline,rosenth,archive_children,live_http,12,12,37.32243800004653,36.04381199966156,3.425890882003424,1.0354742167780973,50.71650000036243,37.4653330000001
baseline,rosenth,hierarchical_list,live_http,12,12,41.857083499962755,36.76135450041329,12.174113849938916,1.1386164647304324,267.8082920001543,37.87875000034546
baseline,unknown,resource_person,inprocess,12,12,626.046416500003,91.14143750048243,85.44174439811972,6.868954820870466,848.8044999999147,122.52995899962116
baseline,unknown,resource_media,inprocess,12,12,669.995457999903,92.54052100004628,86.18788830654137,7.24002254103981,784.2070840001725,132.90916599999036
baseline,unknown,resource_linked_archive,inprocess,12,12,522.4519999999302,109.38549999991665,79.06305268236484,4.77624548043688,826.7790410000089,149.43975000005594
baseline,unknown,search_page1,inprocess,12,12,18.48464599993349,16.317916500611318,11.721779791346664,1.1327822396468936,53.21420800009946,23.79320900035964
baseline,unknown,search_sorted,inprocess,12,12,21.298479000051884,18.254271000387234,14.293076982902086,1.1667668897651444,22.649708000244573,25.558916000591125
baseline,unknown,search_offset250,inprocess,12,12,22.766374500179154,18.280875000073138,19.70230042587905,1.2453656895574239,23.874999999861757,20.257375000255706
baseline,unknown,search_count,inprocess,12,12,17.370562499991138,16.973249999864493,2.2872748083249905,1.0234081569605007,18.921541000054276,20.976540999981808
baseline,unknown,search_fulltext,inprocess,12,12,18.391166499895917,16.79660400031935,8.670262974268617,1.0949336246509265,19.349666999914916,22.7020000002085
baseline,unknown,search_with_properties,inprocess,12,12,24.108958499709843,20.23566700017909,16.065776958292776,1.1914091341538913,28.348416999961046,25.244082999961392
baseline,unknown,summaries_25,inprocess,12,12,606.9987915000183,104.12270849974448,82.84630711661947,5.829648500754357,836.7395410000427,141.90945900008956
baseline,unknown,summaries_100,inprocess,12,12,722.8479165000863,143.69904149998547,80.12043222096382,5.030290452564775,882.5414580001052,200.3725000004124
baseline,unknown,summaries_25_delivery,inprocess,12,12,538.9648955001576,112.81833300017752,79.06759161086318,4.77728114897168,673.5813750001398,162.96729199984838
baseline,unknown,archive_children,inprocess,12,12,17.833666500109757,15.14187450038662,15.093878758507506,1.177771384887281,19.743750000088767,17.39475000067614
baseline,unknown,hierarchical_list,inprocess,12,12,21.958229500341986,16.417854499650275,25.231428611334184,1.337460354567628,24.79749999974956,16.96470800015959
baseline,rosenth,resource_person,inprocess,12,12,604.8248335002882,113.36491699967155,81.25657037863384,5.335202896166197,825.0070409999353,150.66654099973675
baseline,rosenth,resource_media,inprocess,12,12,635.5580834999728,114.15827099972375,82.03810572732199,5.567341533243007,901.4106660001744,173.73362500075018
baseline,rosenth,resource_linked_archive,inprocess,12,12,595.3597709999485,137.67710399997668,76.87497363674098,4.324319394458278,786.4398329998039,183.62700000034238
baseline,rosenth,search_page1,inprocess,12,12,40.14212550009688,38.71958350009663,3.543763520934673,1.0367395997427684,42.72508399981234,48.61341600008018
baseline,rosenth,search_sorted,inprocess,12,12,47.16345850010839,44.338832999983424,5.989012659278314,1.063705454316446,49.97929099999965,58.968999999706284
baseline,rosenth,search_offset250,inprocess,12,12,48.564666999709516,46.08195800028625,5.112171364086803,1.053875944234137,49.760999999762134,49.7300830002132
baseline,rosenth,search_count,inprocess,12,12,39.18824999982462,44.87110400032179,-14.501423259580637,0.8733515894671008,40.5609170002208,53.20174999997107
baseline,rosenth,search_fulltext,inprocess,12,12,35.37962449991028,37.761604499792156,-6.732632224199886,0.9369205829192192,39.95137500032797,45.60912500073755
baseline,rosenth,search_with_properties,inprocess,12,12,45.22995850015832,45.48774999966554,-0.5699574088849024,0.9943327269537597,47.03537499972299,48.30216600021231
baseline,rosenth,summaries_25,inprocess,12,12,533.2840209998722,136.37293750025492,74.42770978876045,3.91048275981351,585.5203330002041,183.9565420004874
baseline,rosenth,summaries_100,inprocess,12,12,741.8498749998435,190.9120205000363,74.26541043764729,3.8858206678489497,872.9437499996493,239.5834159997321
baseline,rosenth,summaries_25_delivery,inprocess,12,12,665.0559375000284,150.7380625002952,77.3345287214598,4.411997384527388,794.5987079997394,195.40183300068747
baseline,rosenth,archive_children,inprocess,12,12,37.58043750030993,33.51629149983637,10.814525510619822,1.121258821265873,42.54366700024548,35.150624999914726
baseline,rosenth,hierarchical_list,inprocess,12,12,39.881729499938956,36.4213119996748,8.676698687978046,1.0950107865497831,45.08341700011442,37.25845799999661
baseline,unknown,resource_person,instrumented,12,12,536.8426670002009,92.96624949956822,82.68277556643362,5.774597446815301,764.1794579999441,128.9952090000952
baseline,unknown,resource_media,instrumented,12,12,590.2114789998905,94.37456199975713,84.01004294940617,6.253925491081054,765.122582999993,140.51116599966917
baseline,unknown,resource_linked_archive,instrumented,12,12,685.9409374999359,118.18079199929343,82.77099593588486,5.804166023054211,891.7160000000877,163.8629580002089
baseline,unknown,search_page1,instrumented,12,12,19.413978999864412,17.399874499915313,10.37450643149025,1.115753967073665,60.872666999785,19.258541999988665
baseline,unknown,search_sorted,instrumented,12,12,20.824520499900245,20.595853500253725,1.0980660978370027,1.0111025745858846,22.895292000157497,22.208666000551602
baseline,unknown,search_offset250,instrumented,12,12,23.62652099986917,21.84947949990601,7.5213845490540105,1.0813310678623171,30.915125000319676,23.575541999889538
baseline,unknown,search_count,instrumented,12,12,18.217021000054956,16.85672949997752,7.467145698922639,1.080697237271278,19.39670899992052,18.096208999850205
baseline,unknown,search_fulltext,instrumented,12,12,17.461625000123604,17.40324949969363,0.33430737648736386,1.0033542873950638,20.595917000264308,18.59508300003654
baseline,unknown,search_with_properties,instrumented,12,12,23.48766650015932,21.797604000312276,7.195531747845541,1.0775343244066107,25.220750000244152,22.47108300070977
baseline,unknown,summaries_25,instrumented,12,12,533.0083334999927,110.52593749991502,79.2637505732513,4.822472856205382,840.5205000003662,152.71574999951554
baseline,unknown,summaries_100,instrumented,12,12,546.0520204999284,147.31258350002463,73.02224367466764,3.706757478052356,851.2846670000727,215.71920899987163
baseline,unknown,summaries_25_delivery,instrumented,12,12,670.409708500074,116.7923544999212,82.5789583564916,5.74018488941865,817.1617500001958,171.81820899986633
baseline,unknown,archive_children,instrumented,12,12,17.909103999954823,17.032083499998407,4.897065201914219,1.0514922616458813,20.553832999667065,17.874833999485418
baseline,unknown,hierarchical_list,instrumented,12,12,22.82191649987908,19.48116650009979,14.638341174357517,1.1714861376377117,24.966667000171583,21.147999999811873
baseline,rosenth,resource_person,instrumented,12,12,687.3106869998082,109.81572950004193,84.0224033210657,6.258763568105659,832.649124999989,153.47633399960614
baseline,rosenth,resource_media,instrumented,12,12,520.8780415000547,116.05774950021441,77.71882470491853,4.488093589123856,846.1812919999829,210.61391700004606
baseline,rosenth,resource_linked_archive,instrumented,12,12,585.5481250000594,139.40595849953752,76.19222869178799,4.200309163987434,1020.7052920000024,258.2570410004337
baseline,rosenth,search_page1,instrumented,12,12,39.91441700009091,39.64393800015387,0.6776473772281966,1.0068227076718763,60.94824999991033,41.96899999988091
baseline,rosenth,search_sorted,instrumented,12,12,44.021187499993175,43.934978999914165,0.1958341084711157,1.0019621837096857,50.37545899995166,45.12916700059577
baseline,rosenth,search_offset250,instrumented,12,12,47.942541499878644,47.205500500240305,1.5373423614603365,1.0156134558860272,52.087125000070955,51.79275000045891
baseline,rosenth,search_count,instrumented,12,12,40.66456249984185,38.044166499730636,6.443930142175769,1.0688777345175842,42.783040999893274,39.20266599925526
baseline,rosenth,search_fulltext,instrumented,12,12,35.304375500345486,34.7516454999095,1.565613306006719,1.0159051461444444,39.68716700001096,38.0886670000109
baseline,rosenth,search_with_properties,instrumented,12,12,45.10183349998442,42.798417000085465,5.107146031878629,1.0538201331113335,47.53154199988785,46.135208000123384
baseline,rosenth,summaries_25,instrumented,12,12,625.719708500128,139.07106300030136,77.7742236482115,4.499280403852037,819.2609580000862,211.84279099998093
baseline,rosenth,summaries_100,instrumented,12,12,653.1872914999894,195.0359790002949,70.1408797234234,3.349060490521094,941.5529170000809,257.29983299970627
baseline,rosenth,summaries_25_delivery,instrumented,12,12,655.6647710001471,151.64516650020232,76.87153966364798,4.323677345820793,1008.3142499997848,207.50095899984444
baseline,rosenth,archive_children,instrumented,12,12,38.4719999999561,36.04320849990472,6.313140725863342,1.0673855519843023,40.362958000059734,38.322417000017595
baseline,rosenth,hierarchical_list,instrumented,12,12,40.02508349981326,36.74570850034797,8.193299582949255,1.0892451155060525,42.19983300026797,38.889499999640975
supplement,unknown,resource_media,live_http,6,6,460.3362710001875,95.14750000016647,79.3308704974656,4.838133119623554,476.4231670001209,196.78379200013296
supplement,unknown,summaries_25,live_http,6,6,535.0928749999184,110.24872899997717,79.39633769184574,4.853506066269746,587.1900410002127,144.04004199968767
supplement,unknown,datamodel_fasnacht,live_http,6,6,464.64004199970077,226.12158300034935,51.334030096249215,2.0548239395572554,523.4125420001874,270.7342499998049
supplement,unknown,datamodel_shared,live_http,6,6,167.83281200014244,102.37070799985304,39.00435392826156,1.6394612802754414,169.11579199995685,104.51329199986503
supplement,unknown,search_lucene_fields,live_http,6,6,25.856604000182415,25.670229000297695,0.7208023137276864,1.007260355950956,27.590832999976556,29.130792000614747
supplement,rosenth,resource_media,live_http,6,6,527.6327710000714,112.43777100025909,78.69014640861951,4.692664807441403,529.5203750001747,145.2762500002791
supplement,rosenth,summaries_25,live_http,6,6,808.6088544998802,140.60960400001932,82.61092452580357,5.750737015799924,856.5970419999758,189.7486249999929
supplement,rosenth,datamodel_fasnacht,live_http,6,6,648.3910625001954,241.9690830001855,62.68161345914409,2.679644252318377,695.4717919998075,275.52933399965696
supplement,rosenth,datamodel_shared,live_http,6,6,239.19902049988195,120.18035450000752,49.75717114189987,1.9903337903689324,268.55674999978874,176.15920800017193
supplement,rosenth,search_lucene_fields,live_http,6,6,43.47337500030335,41.816750000180036,3.810665723817752,1.0396163020826865,97.61475000004793,42.98766699957923
supplement,unknown,resource_media,inprocess,6,6,528.8312704999498,91.35056250033813,82.72595294639507,5.789031353780579,588.533207999717,123.03916699966067
supplement,unknown,summaries_25,inprocess,6,6,508.33458350007277,105.58343799948489,79.22953868837654,4.8145295619427815,524.487666999903,138.38383399979648
supplement,unknown,datamodel_fasnacht,inprocess,6,6,475.7250414997998,225.87679150046824,52.51946570053254,2.1061262573265016,513.5829589999048,259.262917000342
supplement,unknown,datamodel_shared,inprocess,6,6,168.2981664998806,103.40368749984918,38.55923112512188,1.6275837986931179,174.69137499983844,103.79754099994898
supplement,unknown,search_lucene_fields,inprocess,6,6,25.514708499940753,24.025750499731657,5.835684935269992,1.0619734230664606,31.423584000094706,24.39924999998766
supplement,rosenth,resource_media,inprocess,6,6,487.10529200002384,111.57337500026188,77.09460832540978,4.365784328016254,567.8628339996976,137.5201669998205
supplement,rosenth,summaries_25,inprocess,6,6,927.6721664998604,135.91647950033803,85.34865177499552,6.825310439986442,975.3131249999569,160.87504100050865
supplement,rosenth,datamodel_fasnacht,inprocess,6,6,716.4751045002049,243.7712079999983,65.97631844165095,2.939129318751253,759.8882079996656,291.92008300015004
supplement,rosenth,datamodel_shared,inprocess,6,6,258.07683300013196,120.47531199959849,53.318044630710084,2.1421553405148437,269.2802090000441,147.70687500003987
supplement,rosenth,search_lucene_fields,inprocess,6,6,46.98381250000239,42.89418749976903,8.704327687824708,1.0953421719494134,48.700750000080006,48.35320900019724
supplement,unknown,resource_media,instrumented,6,6,529.7927500000696,95.04860400011239,82.05928563573211,5.57391405769035,853.7526249997427,120.52533300084178
supplement,unknown,summaries_25,instrumented,6,6,546.5578749999622,109.6893335002278,79.93088408062268,4.982780527140564,566.9949590001124,143.9535830004388
supplement,unknown,datamodel_fasnacht,instrumented,6,6,488.64318699997966,229.99352099986936,52.93221575196567,2.124595444583229,523.5848329998589,234.95941700002732
supplement,unknown,datamodel_shared,instrumented,6,6,176.09879149995322,105.00868750023074,40.36944455677391,1.676992596441759,187.10808300011195,108.24666600001365
supplement,unknown,search_lucene_fields,instrumented,6,6,26.466416999937792,25.949561999823345,1.9528710671930405,1.0199176772277685,27.34408300011637,32.39312500045344
supplement,rosenth,resource_media,instrumented,6,6,517.7593329999581,122.09831249947456,76.41794078495454,4.2405117843228695,526.3859169999705,176.2416250003298
supplement,rosenth,summaries_25,instrumented,6,6,711.5531040001315,139.59312499946464,80.3819104695468,5.097336305085658,935.390415999791,170.58387500037497
supplement,rosenth,datamodel_fasnacht,instrumented,6,6,735.5421044997001,242.41145799987862,67.04315680680692,3.0342711956299873,759.2099170001347,276.97354200063273
supplement,rosenth,datamodel_shared,instrumented,6,6,265.3594794999208,121.54383299957772,54.196536250134606,2.1832409999842834,294.99658399981854,159.60262499993405
supplement,rosenth,search_lucene_fields,instrumented,6,6,44.19122900003458,41.33924999996452,6.453721846178628,1.0689896164074701,47.866082999917126,43.88587500034191
