case,before_median_ms,after_median_ms,reduction_percent
resource_person,130.731,113.236,13.38
resource_media,129.505,116.369,10.14
resource_linked_archive,137.862,121.996,11.51
search_page1,26.474,29.795,-12.54
search_sorted,30.253,32.859,-8.61
search_offset250,32.629,35.194,-7.86
search_count,22.664,24.716,-9.06
search_fulltext,21.162,23.678,-11.89
search_with_properties,32.629,36.726,-12.56
summaries_25,155.472,148.865,4.25
summaries_100,222.747,203.25,8.75
summaries_25_delivery,169.207,151.361,10.55
archive_children,25.182,27.106,-7.64
hierarchical_list,25.003,24.945,0.23
datamodel_fasnacht,432.574,443.897,-2.62
datamodel_shared,200.362,206.63,-3.13
search_lucene_fields,39.315,42.476,-8.04
